Country,UN Region
Kazakhstan,Central Asia
Kyrgyzstan,Central Asia
Tajikistan,Central Asia
Turkmenistan ,Central Asia
Uzbekistan,Central Asia
China,Eastern Asia
Republic of Korea,Eastern Asia
Japan,Eastern Asia
Mongolia,Eastern Asia
Brunei Darussalam,South-eastern Asia
Cambodia,South-eastern Asia
Indonesia,South-eastern Asia
Lao People's Democratic Republic,South-eastern Asia
Malaysia,South-eastern Asia
Myanmar,South-eastern Asia
Philippines,South-eastern Asia
Singapore,South-eastern Asia
Thailand,South-eastern Asia
Timor-Leste,South-eastern Asia
Viet Nam,South-eastern Asia
Afghanistan,Southern Asia
Bangladesh,Southern Asia
Bhutan,Southern Asia
India,Southern Asia
Iran (Islamic Republic of),Southern Asia
Maldives,Southern Asia
Nepal,Southern Asia
Pakistan,Southern Asia
Sri Lanka,Southern Asia
Armenia,Western Asia
Azerbaijan,Western Asia
Bahrain,Western Asia
Cyprus,Western Asia
Georgia,Western Asia
Iraq,Western Asia
Israel,Western Asia
Jordan,Western Asia
Kuwait,Western Asia
Lebanon,Western Asia
Oman,Western Asia
Qatar,Western Asia
Saudi Arabia,Western Asia
Syrian Arab Republic,Western Asia
Türkiye,Western Asia
United Arab Emirates,Western Asia
Yemen,Western Asia
Belarus,Europe
Bulgaria,Europe
Czechia,Europe
Hungary,Europe
Poland,Europe
Republic of Moldova,Europe
Romania,Europe
Russian Federation,Europe
Slovakia,Europe
Ukraine,Europe
Guernsey,Europe
Jersey,Europe
Sark,Europe
Denmark,Europe
Estonia,Europe
Faroe Islands,Europe
Finland,Europe
Iceland,Europe
Ireland,Europe
Isle of Man,Europe
Latvia,Europe
Lithuania,Europe
Norway,Europe
Svalbard and Jan Mayen Islands,Europe
Sweden,Europe
United Kingdom of Great Britain and Northern Ireland,Europe
Albania,Europe
Andorra,Europe
Bosnia and Herzegovina,Europe
Croatia,Europe
Gibraltar,Europe
Greece,Europe
Italy,Europe
Malta,Europe
Montenegro,Europe
North Macedonia,Europe
Portugal,Europe
San Marino,Europe
Serbia,Europe
Slovenia,Europe
Spain,Europe
Austria,Europe
Belgium,Europe
France,Europe
Germany,Europe
Liechtenstein,Europe
Luxembourg,Europe
Monaco,Europe
Netherlands,Europe
Switzerland,Europe
Anguilla,Latin America and the Caribbean
Antigua and Barbuda,Latin America and the Caribbean
Aruba,Latin America and the Caribbean
Bahamas,Latin America and the Caribbean
Barbados,Latin America and the Caribbean
"Bonaire, Sint Eustatius and Saba",Latin America and the Caribbean
British Virgin Islands,Latin America and the Caribbean
Cayman Islands,Latin America and the Caribbean
Cuba,Latin America and the Caribbean
Dominica,Latin America and the Caribbean
Dominican Republic,Latin America and the Caribbean
Grenada,Latin America and the Caribbean
Guadeloupe,Latin America and the Caribbean
Haiti,Latin America and the Caribbean
Jamaica,Latin America and the Caribbean
Martinique,Latin America and the Caribbean
Montserrat,Latin America and the Caribbean
Puerto Rico,Latin America and the Caribbean
Saint Barthélemy,Latin America and the Caribbean
Saint Kitts and Nevis,Latin America and the Caribbean
Saint Lucia,Latin America and the Caribbean
Saint Vincent and the Grenadines,Latin America and the Caribbean
Trinidad and Tobago,Latin America and the Caribbean
Turks and Caicos Islands,Latin America and the Caribbean
United States Virgin Islands,Latin America and the Caribbean
Belize,Latin America and the Caribbean
Costa Rica,Latin America and the Caribbean
El Salvador,Latin America and the Caribbean
Guatemala,Latin America and the Caribbean
Honduras,Latin America and the Caribbean
Mexico,Latin America and the Caribbean
Nicaragua,Latin America and the Caribbean
Panama,Latin America and the Caribbean
Argentina,Latin America and the Caribbean
Bolivia (Plurinational State of),Latin America and the Caribbean
Bouvet Island,Latin America and the Caribbean
Brazil,Latin America and the Caribbean
Chile,Latin America and the Caribbean
Colombia,Latin America and the Caribbean
Ecuador,Latin America and the Caribbean
French Guiana,Latin America and the Caribbean
Guyana,Latin America and the Caribbean
Paraguay,Latin America and the Caribbean
Peru,Latin America and the Caribbean
South Georgia and the South Sandwich Islands,Latin America and the Caribbean
Suriname,Latin America and the Caribbean
Uruguay,Latin America and the Caribbean
Venezuela (Bolivarian Republic of),Latin America and the Caribbean
Bermuda,Northern America
Canada,Northern America
Greenland,Northern America
Saint Pierre and Miquelon,Northern America
United States of America,Northern America
Algeria,Northern Africa
Egypt,Northern Africa
Libya,Northern Africa
Morocco,Northern Africa
Sudan,Northern Africa
Tunisia,Northern Africa
Western Sahara,Northern Africa
Burundi,Sub-Saharan Africa
Comoros,Sub-Saharan Africa
Djibouti,Sub-Saharan Africa
Eritrea,Sub-Saharan Africa
Ethiopia,Sub-Saharan Africa
Kenya,Sub-Saharan Africa
Madagascar,Sub-Saharan Africa
Malawi,Sub-Saharan Africa
Mauritius,Sub-Saharan Africa
Mayotte,Sub-Saharan Africa
Mozambique,Sub-Saharan Africa
Rwanda,Sub-Saharan Africa
Seychelles,Sub-Saharan Africa
Somalia,Sub-Saharan Africa
South Sudan,Sub-Saharan Africa
Uganda,Sub-Saharan Africa
United Republic of Tanzania,Sub-Saharan Africa
Zambia,Sub-Saharan Africa
Zimbabwe,Sub-Saharan Africa
Angola,Sub-Saharan Africa
Cameroon,Sub-Saharan Africa
Central African Republic,Sub-Saharan Africa
Chad,Sub-Saharan Africa
Democratic Republic of the Congo,Sub-Saharan Africa
Equatorial Guinea,Sub-Saharan Africa
Gabon,Sub-Saharan Africa
Sao Tome and Principe,Sub-Saharan Africa
Botswana,Sub-Saharan Africa
Eswatini,Sub-Saharan Africa
Lesotho,Sub-Saharan Africa
Namibia,Sub-Saharan Africa
South Africa,Sub-Saharan Africa
Benin,Sub-Saharan Africa
Burkina Faso,Sub-Saharan Africa
Cabo Verde,Sub-Saharan Africa
Côte d’Ivoire,Sub-Saharan Africa
Gambia,Sub-Saharan Africa
Ghana,Sub-Saharan Africa
Guinea,Sub-Saharan Africa
Guinea-Bissau,Sub-Saharan Africa
Liberia,Sub-Saharan Africa
Mali,Sub-Saharan Africa
Mauritania,Sub-Saharan Africa
Niger,Sub-Saharan Africa
Nigeria,Sub-Saharan Africa
Senegal,Sub-Saharan Africa
Sierra Leone,Sub-Saharan Africa
Togo,Sub-Saharan Africa
Australia,Oceania
New Zealand,Oceania
Fiji,Oceania
Papua New Guinea,Oceania
Solomon Islands,Oceania
Vanuatu,Oceania
Kiribati,Oceania
Micronesia (Federated States of),Oceania
Samoa,Oceania
Tonga,Oceania
